StrideurFR,398,250,219
nieli99,13,931,112
bang_boum_zzz,226,1023,826
celiaishappy,890,862,916
Vidaviya,717,643,695
ombraaaaa,326,1011,930
peio_sass,949,2,841
Baugih,408,634,1085
theuniiversel,1043,670,1005
wannaone_,969,451,79
AzaWoodyy,1212,777,1044
hjklm_nhnh,1092,1005,3
pleymoubile,1000,1151,904
celll_l,1042,578,1174
lofreezyo,1218,1147,571
processeur_tournesol,1165,961,1090
ex_ode,681,884,29
TheNicestSheep,740,821,621
ney__,966,824,983
Elietachi_39,992,1077,479
chronoma30,776,556,959
jlyxniss,861,12,790
referenceboi,294,779,2
Sadouv,951,1218,481
Saichiko,746,964,856
malreen,887,591,19
Sarukog,334,588,1014
kahl24000,1110,1119,749
ishouldwork,594,790,1174
attendspyro,971,3,1175
squishyheart,907,918,1024
Sarakzite,1076,1092,1122
Tanacoo,1033,932,563
so_ez4ence,1231,966,1162
swardmx0,488,51,50
Sarah_Vigotte,504,17,205
Sabatard,910,905,861
UtahraptorJesus,919,941,1016
Huccarria,859,512,951
